source.name,title,description
BLICK,Mann schmuggelt 35 lebendige Finken in die USA,"Kevin Andre McKenzie (36) ist beim Versuch, 35 lebendige Singvögel in die USA zu schleusen, gescheitert. Jetzt drohen ihm bis zu 20 Jahre Knast."
Schweizer Radio und Fernsehen (SRF),Terror-Ermittlungen - Ex-Mitglieder der Terrororganisation Rote Brigaden festgenommen,In Frankreich sind sieben Ex-Mitglieder der kommunistischen Untergrundorganisation «Brigate Rosse» festgenommen worden.
BLICK,Wegen Corona-Protesten: Deutscher Geheimdienst beobachtet Querdenker,"Der deutsche Inlandsgeheimdienst hat neben Rechtsextremismus, Linksextremismus und Islamismus neu eine weitere Kategorie auf dem Radar: die verfassungsschutzrelevante Delegitimierung des Staates. Damit wird auch die Überwachung organisierter Corona-Skeptiker möglich."
BLICK,"EU: So sicherte Von der Leyen 1,8 Milliarden Imfpdosen von Pfizer/Biontech","Pfizer-Chef Albert Bourla packt über den Mega-Deal mit Ursula von der Leyen aus. Und erzählt, wie ihn die EU-Chefin überzeugte."
20 Minuten,"Digitales Impfzertifikat : Heute entscheidet die EU darüber, wie man im Sommer wieder reisen kann",Am Mittwoch berät das EU-Parlament über das digitale Impfzertifikat. Auch in der Schweiz ist ein solcher Impfpass geplant.
Schweizer Radio und Fernsehen (SRF),"Pilotversuch in Barcelona - 5000 Menschen, keine Ansteckung - BAG an Ergebnissen interessiert",In Barcelona besuchten 5000 Menschen ein Konzert – ohne nachgewiesene Ansteckung. Das BAG verfolgt die Ergebnisse.
20 Minuten,Florida : Dreijähriger bei seiner Geburtstagsparty erschossen,In Florida hat eine irregeleitete Kugel einen Knaben tödlich getroffen. Für Hinweise zur Ergreifung des Täters wurde eine Belohnung von 15’000 Dollar ausgesetzt.
BLICK,Brutale US-Polizisten quälen demente Frau (73),"Karen Garner ist 73 – und dement. Sie vergisst, in einem Supermarkt für ihre Einkäufe zu zahlen. Es geht um 13 Dollar. Die Polizei geht bei ihrer Verhaftung derart brutal vor, dass ihr Arm bricht und ihre Schulter auskugelt. Jetzt klagt die Familie."
20 Minuten,Auch Fälle in der Schweiz,"In Israel sind nach Impfung mit dem Pfizer/Biontech-Impfstoff Dutzende Fälle von Herzmuskelentzündungen aufgetreten. Ob ein Zusammenhang besteht, ist unklar. Es sind auch andere Erklärungen möglich."
20 Minuten,"US-Privatschule will Lehrer entlassen, die sich impfen lassen","Eine Privatschule in Florida hat im Zusammenhang mit der Covid-19-Impfung ein Schreiben an die Lehrkräfte verschickt, das mittlerweile im ganzen Land für Aufregung sorgt."
20 Minuten,Gossau SG : Polizei verfolgt Teenager mit frisiertem Töffli der fliehen will,"In Gossau SG jagte die Polizei einem 14-Jährigen hinterher. Dies, weil er sich einer Kontrolle entzog. Der Teenager konnte in einer benachbarten Gemeinde aufgespürt werden."
BLICK,Neuer CS-Präsident: Diese 5 Baustellen muss António Horta-Osório anpacken,"Am Freitag, dem 30. April, küren die Aktionärinnen und Aktionäre der Credit Suisse einen neuen Präsidenten. António Horta-Osório übernimmt von Urs Rohner. Auf den Portugiesen wartet ein Haufen Arbeit."
20 Minuten,Curevac : Novartis will noch dieses Jahr 50 Millionen Impfdosen herstellen,"Der Pharmariese Novartis produziert für den Impfstoffhersteller Curevac. Im Gegensatz zu Lonza hat Novartis keine Probleme, qualifiziertes Personal zu finden."
20 Minuten,"""Eine Gefahr für die Gesellschaft""",Der kanadische Bob-Fahrer Alexander Kopacz erkrankte an Corona und musste im Spital beatmet werden. Nun hat er eine klare Botschaft an Maskenverweigerer.
Frankfurter Neue Presse,Vitamin-B12-Mangel: So erkennen Sie die Symptome,"Vitamin-B-12-Mangel – viele haben ihn und wissen nichts davon. In welchen Lebensmitteln Vitamin B12 enthalten ist, wie sich ein Mangel äußert und auf welche Symptome Sie acht geben sollten."
Games.ch,Samsung präsentiert neues Monitor-Line-up 2021,Mit einem neuen Monitor-Line-up verspricht Samsung beste Aussichten für 2021. Das diesjährige Portfolio kombiniert hochauflösende Bildqualität und...
Schweizer Radio und Fernsehen (SRF),"Coronavirus in Indien - Cassis: ""Die Schweiz hat Indien Hilfe angeboten""","Die Schweiz sei bereit, Indien mit Sauerstoff und Beatmungsgeräten zu unterstützen, sagt Aussenminister Ignazio Cassis."
20 Minuten,Nach Moderna-Rüffel : Nestlé-Mitarbeiter sollen bei Lonza für Impfstoff-Produktion einspringen,"Weil es Lonza an qualifizierten Personal für die Impfstoffproduktion mangelt, kontaktiert der Pharmakonzern andere grosse Firmen in der Schweiz. Dem Bund kommt dabei eine tragende Rolle zu."
finews.ch,UBS: Ralph Hamers startet den Stellenabbau,"Die weitere Digitalisierung der UBS wird in den kommenden Monaten wohl Tausende von Stellen kosten. Die Zurückhhaltung, die sich die UBS während der Corona-Pandemie auferlegt hatte, ist unter dem neuen CEO Ralph Hamers nun vorbei."
BLICK,Vormundschaftsstreit: Jetzt sagt Britney Spears persönlich aus,"Britney Spears will erwirken, dass ihr Vater Jamie Spears nicht ihr Vormund bleibt. Dafür will der Popstar nun selbst vor Gericht aussagen. Ein Termin für Britneys Aussage wurde nun festgelegt."
20 Minuten,Medienkonferenz Coronavirus - Bundesrat informiert um 14.45 Uhr über neuste Corona-Entscheide - 20 Minuten,Der Bundesrat informiert um 14.45 Uhr über die Ergebnisse der Bundesratssitzung vom Mittwoch. 20 Minuten berichtet live im Stream und im Ticker.
Www.srf.ch,Rückruf Banknoten-Serie 8 – Nationalbank ruft alte Banknoten zurück - Schweizer Radio und Fernsehen (SRF),Fortan sind die Scheine der Banknoten-Serie aus dem Jahr 1998 kein Zahlungsmittel mehr. Doch sie behalten ihren Wert.
DIE WELT,Pollenallergie: Die „Impfung“ gegen Heuschnupfen - WELT,"Mehr als jeder fünfte leidet in Deutschland an Heuschnupfen. Viele Betroffene schleppen sich Jahr für Jahr durch die Pollensaison, obwohl es eine Therapie für die Erkrankung gibt, die nicht nur die Symptome bekämpft. Doch sie wird noch immer viel zu selten an…"
20 Minuten,Rankin für Relate - In dieser sinnlichen Kampagne dreht sich alles um Sex im Alter - 20 Minuten,Über Intimität im Alter wird selten gesprochen. Mit seiner neuen Werbekampagne will Heidi Klums Lieblingsfotograf das ändern. Dafür hat Rankin ältere Menschen in intimen Momenten abgelichtet.
20 Minuten,ProSieben-Moderator Daniel Aminati hat sich mit Eva Fischer verlobt - 20 Minuten,"Der deutsche Moderator Daniel Aminati verrät mit einem Kniefall-Foto auf Instagram, dass er sich mit Freundin Patrice Eva Fischer verlobt hat."
Www.nau.ch,Timo Werner: Monster-Fehlschuss gegen Real Madrid wird Internet-Hit - Nau.ch,Timo Werner wird nach dem 1:1-Remis von Chelsea gegen Real Madrid wohl schlecht geschlafen haben. Sein Fehlschuss nach neun Minuten ist schlicht unfassbar.
Itmagazine.ch,Excel für Web bekommt neue Farbpalette - IT Magazine - IT Magazine,Microsoft hat die Online-Ausgabe von Excel mit diversen neuen Formatiermöglichkeiten ausgestattet und erlaubt mithilfe einer Custom-Color-Palette die Definition beliebiger Farben.
Games.ch,Samsung präsentiert neues Monitor-Line-up 2021 - Erste Displays mit «Intelligent Eye Care» - Games.ch,"Mit einem neuen Monitor-Line-up verspricht Samsung beste Aussichten für 2021. Das diesjährige Portfolio kombiniert hochauflösende Bildqualität und verbesserten Komfort mit ergonomischem Design.
Dadurch stellen die Samsung Monitore die perfekte Ergänzung für j…"
Spektrum.de,Covid-19: Der Wettlauf um antivirale Medikamente - Spektrum.de,"Warnungen gab es viele, beherzigt wurden sie nicht: Corona traf die Medikamentenentwickler unvorbereitet. Dabei ließe sich durchaus heute schon die Pandemie von morgen bekämpfen."
Insideparadeplatz.ch,US-Senator bedrängt CS-Gottstein - Inside Paradeplatz,Hoher Politiker schreibt Brief an mächtiges Department of Justice und an Schweizer CEO. Hat CS gegen Schwarzgeld-Deal verstossen?
Www.srf.ch,Das Neueste zur Coronakrise - Immer mehr träumen wegen Corona vom Eigenheim - Schweizer Radio und Fernsehen (SRF),"Die Behörde befürchtet, dass die Verschwörungstheorien auch nach dem Ende der Pandemie nicht verschwinden werden."
Finanzen.ch,Werbeanzeigen im App Store : Milliarden-Potential: Apple weitet Werbeaktivitäten aus - finanzen.ch,Erst im letzten Jahr bemerkten Nutzer von Apples iPhone im Einstellungsmenü Werbebanner für Services des Unternehmens. Nun will der iKonzern sein Werbeangebot offenbar noch weiter ausbauen - und sich damit neben Facebook und Google ein Stück vom Kuchen sicher…
20 Minuten,220 Milliarden Euro - Italien billigt milliardenschweren Corona-Wiederaufbauplan - 20 Minuten,Das italienische Parlament hat das Konjunkturprogramm von Regierungschef Mario Draghi in der Höhe von 220 Milliarden Euro gutgeheissen.
Blick.ch,National League: Zug und Genf stehen mit einem Bein im Playoff-Final - BLICK,Zweiter Akt in den Playoff-Halbfinals. Die Lakers fordern den EVZ mehr als im ersten Spiel und verlieren trotzdem. Und die ZSC Lions sind in Genf chancenlos.
Www.srf.ch,Halbfinals in den Playoffs - Dank Blitz-Doppelschlag: Zug schafft bei den Lakers das Break - Schweizer Radio und Fernsehen (SRF),Der EVZ bezwingt Rapperswil-Jona auswärts mit 4:2 und erspielt sich in der Halbfinal-Serie 2 Matchpucks.
Www.srf.ch,EU-Rahmenabkommen – Bundesrat zieht die kommunikative Notbremse - Schweizer Radio und Fernsehen (SRF),Von «erheblichen» zu «fundamentalen» Differenzen in drei Tagen: Bundespräsident Guy Parmelins Kommunikation überrascht.
20 Minuten,Amtsgeheimnis-Missbrauch : Alt-Bundesrat Moritz Leuenberger entgeht Strafuntersuchung,Die Bundesanwaltschaft erhebt keine Anklage gegen Moritz Leuenberger. Das hat der Bundesrat am Mittwoch entschieden.
BLICK,Sitten: Walliser bei Tauchgang tödlich verunglückt,Ein Passant entdeckte am Dienstag eine treibende Leiche auf einem Baggersee in Sitten. Bei dem Verstorbenen handelte es sich um einen verunglückten Taucher.
20 Minuten,2. Prozesstag in Solothurn,"Ein Vater soll seinen Sohn erstickt und seine Tochter schwer verletzt haben. Jahrelang ermittelten die Behörden, nun kommt es in Solothurn zum Prozess."
Telebasel,Mädchen (3) stürzt aus Fenster im 2. Stock,Am Dienstagabend ist in Wattwil SG ein dreijähriges Mädchen aus einem Fenster im zweiten Stock gefallen. Es wurde von der Rega ins Spital geflogen.
20 Minuten,Immobilienmarkt - Schweizer wollen wegen Corona-Pandemie aufs Land,Die Corona-Pandemie hat die Wohnbedürfnisse der Schweizerinnen und Schweizer verändert. Immer mehr wollen aufs Land ziehen. Auch hat der Wunsch nach Balkon und Garten stark zugenommen.
BLICK.CH,Umverteilung bei beruflicher Vorsorge trifft vor allem Mittelstand hart,"Mehrere Milliarden Franken werden jährlich im Rahmen der sogenannten Umverteilung von den Erträgen der Vorsorge-Ersparnissen aktueller Arbeitnehmer an Rentner verteilt. Eine fatale Spirale, die dringend aufgehalten werden müsste. Ein Experte sagt, wie."
Schweizer Radio und Fernsehen (SRF),"Abstimmung - Referendum gegen ""Ehe für alle"" formell zustande gekommen",61'027 gültige Unterschriften wurden eingereicht. Damit wird das Stimmvolk das letzte Wort haben.
20 Minuten,Reussbühl LU : Bus kollidiert mit Auto-Anhänger – fünf Personen verletzt,Am Dienstagmittag kollidierte ein vbl-Bus mit einem Auto mit Verkaufsanhänger auf der Hauptstrasse in Reussbühl. Die Seitenklappe des Anhängers öffnete sich und streifte den Bus. Dabei wurden vier Buspassagiere und der Chauffeur leicht verletzt.
BLICK,Die Schweiz hat ihn: Max Vetter vom Baur au Lac ist weltbester Rezeptionist,"Ein freundliches «Willkommen» reicht nicht, um zum besten Rezeptionisten der Welt gekürt zu werden. Was es dazu braucht, weiss einer ganz genau: Max Vetter (27) vom Zürcher Luxushotel Baur au Lac."
Aargauerzeitung.ch,Weissensteintunnel - Spezielles Gerichtsurteil: Baukonzern Implenia verliert 66 Millionen Franken wegen eines Rechenfehlers | Aargauer Zeitung - Aargauer Zeitung,Die Bahngesellschaft BLS lässt den Weissensteintunnel sanieren und hat den Bauauftrag an Implenia erteilt. Doch nun erstreitet sich ein österreichischer Konzern den Zuschlag vor Gericht.
Tagesanzeiger.ch,Zahlungsmittel hat ausgedient - Schweizer Nationalbank ruft alte Banknoten zurück - Tages-Anzeiger,Die 8. Banknotenserie der Schweiz verliert per 30. April 2021 ihren Status als gesetzliches Zahlungsmittel.
Bluewin.ch,Gericht bestätigt Manipulation von Stimmzetteln - bluewin.ch,"Damien Piller stand im Verdacht, sich mit Firmengeld bereichert zu haben. Er sollte deshalb bei einer Vertrauensabstimmung abgewählt werden. Der einflussreiche Migros-Regionalpräsident verhinderte dies mit unlauteren Mitteln."
Google News,"Apples eiserne Faust: Konzern sperrt Apps, die Belohnungen für Tracking versprechen - digitec",
Www.nzz.ch,Der Tesla-Gigafabrik in Grünheide bei Berlin droht Verzögerung - Neue Zürcher Zeitung,Der Tesla-Chef Elon Musk zieht derzeit im deutschen Grünheide in Rekordzeit eine Gigafactory hoch. Doch nun hat der Elektroautohersteller das Projekt erneut geändert. Das hat Folgen für den Starttermin.
Watson.ch,Auch Spotify kündigt Bezahl-Modell für Podcasts an - watson,Wenige Tage nach Apple hat auch der Musikstreaming-Marktführer Spotify ein Abo-Modell für Podcasts vorgestellt. Dabei kündigte Spotify am Dienstag …
Finanzen.ch,Cash-Alternative : Tesla verkauft Bitcoins: Musk-Tweet sorgt für Wirbel in Krypto-Community - finanzen.ch,"Dass Tesla einen Teil seiner Bitcoins liquidiert hat, kam am Kryptomarkt zunächst nicht gut an. Ein Erklärungsversuch von Elon Musk schürte unterdessen erneut Spekulationen."
20 Minuten,"Analoger Messenger - Enkel baut Oma (96) Apparat, damit sie Telegram nutzen kann - 20 Minuten","Damit die 96-jährige Felisa Romano Martin mit ihren Enkelkindern einfach chatten kann, hat ein Spanier eine geniale Maschine gebaut: das Yayagram. Auf Twitter erhält er viel Lob dafür."
Finews.ch,UBS-Chefjuristin Barbara Levi: Aktenzeichen ungelöst - finews.ch,Die neue General Counsel der UBS Barbara Levi lässt beim Minenkonzern Rio Tinto prominente Rechtsstreitigkeiten zurück – und übernimmt bei der Grossbank nicht minder heikle Fälle.
Auto-motor-und-sport.de,Lotus mit 4 neuen Plattformen: Emira letzter Lotus mit Verbrenner - auto motor und sport,"Lotus sieht die Zukunft in batterieelektrischen Autos. Deshalb wird der Emira, der im Sommer vorgestellt wird, der letzte Sportwagen mit einem Verbrennungsmotor aus Hethel sein. Bis 2028 will Lotus ein klimaneutraler Konzern werden."
20 Minuten,Mit Gratis-Software - So erbeutete eine Cyber-Gang in fünf Tagen mehr als 250’000 Franken - 20 Minuten,"In ein Netzwerk eindringen, Dateien verschlüsseln und Lösegeld fordern: So ist das Vorgehen der Ransomware-Gangs. Eine Analyse zeigt nun, wie lukrativ das für die Cyberkriminellen ist."
20 Minuten,Kokosnuss- statt Kuhmilch - Deutsche Vegan-Glace will den Schweizer Markt erobern - 20 Minuten,Das Jungunternehmen Nomoo aus Köln will die Nummer eins für pflanzliche Glace werden und verkauft seine Produkte neu bei Alnatura und Globus. Schweizer Hersteller schauen der Konkurrenz gelassen entgegen.
Finews.ch,UBS holt Mike Dargan in die Konzernleitung - finews.ch,"Die UBS hat künftig keinen COO mehr in der Konzernleitung, dafür mit Mike Dargan einen CDIO. Eine weitere Änderung: Markus Diethelm tritt als General Counsel zurück."
Tagesanzeiger.ch,"Chefjurist verlässt UBS - Markus Diethelm räumte nach zahllosen Skandalen auf, jetzt geht er - Tages-Anzeiger","Er sparte der Grossbank viel Geld mit Vergleichen, jetzt hat der UBS-Rechtschef seinen Rückzug angekündigt. Die Hintergründe."
20 Minuten,Rückruf : Achtung! Bei diesem Gasgrill besteht Brandgefahr,"Aldi Suisse hat einen Gasgrill mit einem ausländischen, nicht-konformen Druckregler verkauft. Nun hat der Detailhändler den Grill wegen Brandgefahr zurückgerufen."
finews.ch,UBS-Chefjuristin Barbara Levi: Aktenzeichen ungelöst,Die designierte UBS-Chefjuristin Barbara Levi lässt beim Minenkonzern Rio Tinto einige prominente Rechtsstreitigkeiten zurück – und übernimmt nun bei der Grossbank nicht minder heikle Fälle.
auto motor und sport,"Lotus wird vollelektrisch, Emira letzter Verbrenner",Lotus sieht die Zukunft in batterieelektrischen Sportwagen und Lifestyle-Autos. Der Emira wird der letzte Sportwagen mit Verbrennungsmotor aus Hethel sein.
auto motor und sport,BMW iM2: Elektro-M2 mit über 1.300 PS!?,Zum 50.Geburtstag der M GmbH 2022 legt BMW mit dem iM2 ein elektrisches Coupé auf. Das berichtet das britische Car Magazine.
Inside Paradeplatz,Rechtschef der UBS: Ab durch Hintertür,Markus Diethelm geht nach 13 Jahren von Bord. Der Oberjurist war entscheidend für den Gang der UBS vor ein Pariser Schwarzgeld-Gericht.
Inside Paradeplatz,UBS-Hamers verliert Schlacht gegen Iqbal Khan,"CEO wollte Big Bang, jetzt nur Kosmetik, da VR auf Khan setzt. Dessen Private Banking boomt, dafür verspielt Trading 800 Archegos-Millionen."
20 Minuten,Erstes Quartal : UBS steigert Gewinn trotz Belastung aus Hedgefonds-Pleite,Die Grossbank hat die Zahlen für die ersten drei Monate des Geschäftsjahres vorgelegt.
20 Minuten,"Riga, Lettland : Acht Menschen sterben bei Brand in illegalem Hostel","Am Mittwochmorgen brach in einem Hostel in Riga ein Feuer aus. Acht Personen starben, sechs weitere Menschen mussten ins Spital gebracht werden."
CHIP Online Deutschland,Google Chrome-Nutzer müssen aufpassen: Deswegen sollten Sie ihren Browser jetzt updaten,"Google hat für Chrome ein aktuelles Update ausgerollt. Dieses schließt eine Reihe von Sicherheitslücken, von denen drei als besonders gefährlich eingestuft werden. Nutzer sollten ihren Google-Browser daher schnellstmöglich updaten, um auf Nummer sicher zu gehen."
ecomento.de,Praxisvergleich der Schnellladefähigkeit von Elektroautos,Die P3 Group hat einen Vergleich der Schnellladefähigkeit verschiedener Elektroautos mit Fokus auf die Praxis erstellt.
Business Insider Deutschland,Keine Food-Startups mehr: Frank Thelen über seinen Plan nach DHDL,"Frank Thelen wurde als DHDL-Juror bekannt. Ein Jahr nach seinem Ausstieg zieht er Bilanz. Und erklärt, wie er sich neu erfinden will."
 Cash,Tech-Konzern - Google-Umsatz wächst um ein Drittel - Alphabet-Aktie steigt um 4 Prozent,"Das Werbegeschäft bei Google läuft in der Corona-Pandemie auf Hochtouren. Der Umsatz der Konzernmutter Alphabet stieg im vergangenen Quartal im Jahresvergleich um 34 Prozent auf 55,3 Milliarden Dollar."
Schweizer Radio und Fernsehen (SRF),"Raumfahrt - Was kann Elon Musks SpaceX besser als die Nasa, Thomas Zurbuchen?","Für die Nasa sei die Zusammenarbeit mit Privaten sehr wichtig, sagt deren Wissenschaftsdirektor Thomas Zurbuchen."
20 Minuten,Drogengeld : Deutsche Justiz verliert Bitcoin im Wert von über 22 Millionen Franken,Die deutsche Justiz beschlagnahmte 2017 Bitcoin im Wert von rund 11 Millionen Franken. Diese sind jetzt über 20 Millionen wert – und spurlos im Internet verschwunden.
TechStage,Marktübersicht: Die kleinsten Handys ab 20 Euro,Die kleinsten Handys sind kaum größer als ein Daumen und bieten dennoch Display und Tastatur. Dabei kosten sie teilweise unter 20 Euro. Eine Übersicht.
BTC-ECHO | Bitcoin & Blockchain Pioneers,SEC wehrt sich gegen Ripple-Antrag: XRP antwortet mit Kursrallye,Der XRP-Kurs outperformt am 27. April die Riege der Top-Coins. Unterdessen will die SEC Ripple keine Einsicht in Kommunikationen mit dem Ausland gegeben.
futurezone.at,"Cardano gewinnt 5,7 Millionen neue Krypto-User in Afrika",Die äthiopische Regierung wickelt das Bildungssystem des Landes künftig über das Cardano-Netzwerk ab.
Www.nau.ch,Queen Elizabeth: Hier lächelt sie ihre Trauer um Gatte Philip weg - Nau.ch,Queen Elizabeth trauert um ihren Gatten Prinz Philip. Gestern widmete sich die Königin aber wieder ihren Royal-Pflichten.
Www.nau.ch,Meghan Markle: Trump-Sohn macht sich über sie und Harry lustig! - Nau.ch,Meghan Markle und Harry haben einen 25-Millionen-Deal mit Spotify abgeschlossen – ganz zum Unmut von Musikern. Jetzt gibt Donald Trumps Sohn seinen Senf dazu.
Www.nau.ch,Willi Herren: Fans enttäuscht über seinen TV-Abschied - Nau.ch,Willi Herren wurde letzte Woche tot in seiner Wohnung aufgefunden. Am Montag verabschiedete «Sat.1» den Realitystar – die Fans fanden die Aktion enttäuschend.
Blick.ch,Heidi Klum soll «GNTM»-Konkurrenz von ihrem Vater Günther bekommen - BLICK,Seit 16 Staffeln sucht Heidi Klum Nachwuchsmodels in ihrer Casting-Show «Germany's Next Topmodel». Nun soll diese Konkurrenz bekommen – ausgerechnet von ihrem Vater Günther.
Www.nau.ch,Sängerin Adele zeigt sich erstmals seit Monaten - Nau.ch,Von Sängerin Adele hat man länger nichts mehr gehört. Bei einer Oscar-Party liess es sich die britische Sängerin im auffälligen Look nun gut gehen.
Blick.ch,Harry und Meghan fordern faire Verteilung der Corona-Impfstoffe - BLICK,"In einem Statement fordern Prinz Harry und Herzogin Meghan, dass die Corona-Impfstoffe gerecht an alle Menschen verteilt werden."
Blick.ch,Prinz Harry geschockt vom frostigem Empfang bei seiner Familie - BLICK,Zwischen Prinz Harry und seiner Familie herrschte lange Zeit Funkstille. Bei der Beerdigung seines Grossvaters Prinz Philip trafen die Royals erstmals wieder aufeinander. Das Treffen soll alles andere als warmherzig verlaufen sein.
Www.nau.ch,"Charles will Meghan Markle und Harry loswerden, wenn er König ist - Nau.ch","Sobald Prinz Charles auf dem Thron sitzt, wird es einige radikale Änderungen geben. Meghan Markle und Prinz Harry könnten davon besonders betroffen sein."
Telebasel.ch,International Niemand will Prinz Andrew in «The Crown» spielen - Telebasel,"Prinz Andrew ist in Grossbritannien unbeliebt: So unbeliebt, dass die Macher von «The Crown» Mühe haben seine Rolle zu besetzen."
Blick.ch,Pietro Lombardi zeigt sein neues Luxus-Heim - BLICK,Pietro Lombardi hat sein Traumhaus gefunden. Am Wochenende hat der Sänger die Schlüssel zu seiner neuen Villa bekommen. Und seine Fans mussten nicht lange auf eine Besichtigung warten.
Bluewin.ch,Sogar von uns Schweizern klaut Hollywood unverfroren - bluewin.ch,"Da wird fröhlich geklaut: Hollywood erdreistet sich seit jeher, europäische Kassenschlager neu zu verfilmen. Der jüngst oscarprämierte Film «Der Rausch» scheint nun als Nächstes dran zu sein."
Watson.ch,"Sami, Joe und ich: Die Schweiz hat einen neuen Teenie-Film - watson","Eigentlich wollen die drei Freundinnen in «Sami, Joe und ich» den geilsten Sommer ihres Lebens feiern. Doch was dann geschieht ..."
20 Minuten,«Game of Thrones»-Star Emilia Clarke veröffentlicht feministischen Comic - 20 Minuten,"Die britische «Game of Thrones»-Ikone hat eine dreiteilige Comic-Reihe angekündigt. «M.O.M.: Mother of Madness» handelt von Superheldin Maya, einer alleinerziehenden Mutter."
20 Minuten,"Natascha Kampusch - «Der plötzliche Verlust der Freiheit, damit bin ich gut vertraut» - 20 Minuten",Vor fünfzehn Jahren gelang Natascha Kampusch die Flucht vor ihrem Entführer. In einem Interview spricht die 33-Jährige über ihr Leben.
Watson.ch,Wer wird Millionär: Pfarrer zockt sich bei Günther Jauch zu viel Geld - watson - watson,Bei Günther Jauch sass am Montag ein katholischer Pfarrer auf dem Stuhl. Dieser zockt sich bei «Wer wird Millionär?» kurzerhand zu 32'000 Euro durch.
20 Minuten,«Du weisst es doch besser» - Nicht alle feiern Justin Biebers neue Dreadlocks - 20 Minuten,Justin Bieber hat auf Instagram Fotos seiner neuen Frisur gepostet. Die Dreadlocks des Popstars kommen nicht durchwegs gut an.
Www.nau.ch,Michael Wendler: So reagiert er auf Willi Herrens Tod - Nau.ch,Michael Wendler und Willi Herren waren wüst zerstritten. Eine Woche nach Herrens Tod meldet sich der Schlagerstar auf «Telegram» zu Wort.
BLICK,Wenn Charles König ist: Werden Harry und Meghan als Royals weggespart?,"Herzogin Meghan und Prinz Harry arbeiten nicht mehr für die britische Königsfamilie. Ihre Titel tragen sie dennoch noch. Ist damit Schluss, wenn Prinz Charles auf dem Thron sitzt?"
BLICK,Ronnie Wood: Rolling-Stones-Gitarrist kämpfte heimlich gegen Krebs,Ronnie Wood besiegte vor vier Jahren Lungenkrebs. Nun offenbart der Rolling-Stones-Gitarrist eine zweite Krebserkrankung.
GMX.ch,Aus für Harry und Meghan? Prinz Charles will wohl das Königshaus umstrukturieren,"Angeblich beschäftigt sich Prinz Charles damit, das Königshaus umzustrukturieren. Das würde womöglich den endgültigen Ausschluss von Harry und Meghan bedeuten."
Speedweek.com,Aramco Racing Team VR46 ab 2022 in der MotoGP - SPEEDWEEK.COM,"Das Abkommen zwischen dem Rossi-Rennstall und Tanal Entertainment Sport & Media ist unterzeichnet, das Aramco Racing Team VR46 steht vor dem Debüt in der Königsklasse MotoGP im Jahr 2022."
Blick.ch,Ex-EVZ-Spieler Timo Helbling findet die Schwalbe von Abdelkader lächerlich - BLICK,Für die nötige Härte hat der EVZ Justin Abdelkader engagiert. Doch der Ex-NHL-Spieler lässt sich theatralisch fallen nach einem Treffer von Laker Jelovac. Ex-Zug-Haudegen und MySports-Experte Timo Helbling hat eine klare Meinung dazu.
Blick.ch,"Irre Torquoten, Querflöten-Unterricht und Museen: So tickt Kylian Mbappé - BLICK",Vom Banlieue-Kicker zum Idol eines ganzen Landes: Kylian Mbappés steiler Aufstieg erklärt sich mit seinem unfassbaren Talent und riesiger Leidenschaft. Doch nicht immer in seinem Leben dreht sich alles um Fussball.
Bluewin.ch,"PSG soll Messi ein Angebot gemacht haben, bei dem Barça nicht mithalten kann - bluewin.ch","Paris Saint-Germain soll Superstar Lionel Messi ein Vertragsangebot unterbreitet haben, welches der FC Barcelona laut einer zuverlässigen Quelle nicht matchen kann."
Watson.ch,Transfer-Ticker: BVB will Gregor Kobel als neue Nummer 1 - watson,"Keinen wichtigen Wechsel und kein spannendes Gerücht mehr verpassen: Hol dir jetzt den watson-Transfer-Push! So einfach geht's:
RB Leipzig hat den Nachfolger …"
Blick.ch,Floyd Mayweather und Youtuber Logan Paul steigen in den Ring - BLICK,Der frühere Box-Weltmeister Floyd Mayweather jr. steigt für einen Schaukampf erneut in den Ring.
Watson.ch,Hischier leitet seltenen Devils-Sieg ein – auch Niederreiter trifft - watson,"Nico Hischier, 1 Tor, 1 Schuss, 2 Blocks, 20:31 TOIJonas Siegenthaler im Covid-Protokoll
Nach zehn Niederlagen in Serie dürfen die New Jersey Devils wieder …"
Tagesanzeiger.ch,Neues Buch: So tickt der Tennisstar – Als Federer mit 15 den Sieg über Sampras ankündigte - Tages-Anzeiger,Mathieu Aeschmann trainierte 1995/96 mit Federer im Leistungszentrum in Ecublens. Nun hat der Journalist ein spannendes Buch verfasst: «Handeln und denken wie Roger Federer».
20 Minuten,Rashed Al-Swaisat - 19-jähriger Boxer stirbt nach Verletzungen an Junioren-WM - 20 Minuten,Ein 19-jähriger Boxer aus Jordanien ist im Spital seinen Verletzungen erlegen. Diese zog er sich an den Junioren-Boxweltmeisterschaften in Polen zu.
Eurosport.de,Roger Federer ausgesperrt: Ringer Küng erzählt kuriose Anekdote zum Schweizer Superstar - Eurosport DE,"Roger und Mirka Federer gelten als Traumpaar des Schweizer Sports. Seit über 20 Jahren zusammen, sind die beiden inzwischen Eltern von vier Kindern."
Blick.ch,Kultur-Schock für Federer: Wimbledon verbietet Haus-Miete - BLICK,"Hotelzimmer statt Mietshäuser: Roger Federer (39, ATP 8) wird sich bei seiner Rückkehr nach Wimbledon an ein anderes Ambiente gewöhnen müssen."
Motorsport-total.com,Auch ohne Renault-Wechsel: Ricciardo wäre heute nicht mehr bei Red Bull - Motorsport-Total.com,"McLaren-Pilot Daniel Ricciardo bereut seinen Wechsel zu Renault Ende 2018 nicht - Er w&auml;re heute so oder so nicht mehr bei Red Bull, erkl&auml;rt der Australier"
Www.nzz.ch,Bundesliga: Nagelsmann-Wechsel von RB zu Bayern ist fix - Neue Zürcher Zeitung,"Kein Trainer in München war je jünger, als es Julian Nagelsmann nun sein wird. Er ist den Bayern kolportierte 25 Millionen Euro Ablösesumme inklusive Erfolgsprämien wert – der wohl höchste Betrag, der je für einen Coach ausgehandelt wurde."
Bluewin.ch,Shaqiri will sich offenbar neuen Klub suchen - bluewin.ch,"Ein neues Transferfenster, ein neues Gerücht um Xherdan Shaqiri. Der Schweizer Nationalspieler soll sich nun endlich entschieden haben, den FC Liverpool im Sommer zu verlassen. Ziel der Reise: die Serie A."
Speedweek.com,Ken Roczen (Honda): «Einfach Pech gehabt» - SPEEDWEEK.COM,Zwei Stürze in in Führung liegend haben Ken Roczen (Honda) in der Supercross-Weltmeisterschaft weiter zurückgeworfen. Vor dem letzten Rennen in Salt Lake City 2 hat der Deutsche noch theoretische Titelchancen.
Blick.ch,"National League: Alexander Grenier zu den SCL Tigers, Peter Regin zu Ambri - BLICK",Ambri und die SCL Tigers sind schon länger in den Ferien. Nun wird fleissig am Kader für die nächste Saison gearbeitet. Beide Teams geben die Verpflichtung eines Spielers bekannt.
Www.srf.ch,Tour de Romandie – Dennis gewinnt den Prolog – Bissegger starker Fünfter - Schweizer Radio und Fernsehen (SRF),Das Zeitfahren in Oron wird zur Beute des Zeitfahr-Spezialisten. Aus Schweizer Sicht glänzen Bissegger und Hirschi.
BLICK,Kampf endet tödlich: Boxtalent Rashed Al-Swaisat (19) stirbt nach K. o.,Rashed Al-Swaisat ist im Alter von nur 19 Jahren an den Folgen eines Boxkampfs an der Junioren-WM gestorben. Zehn Tage kämpfte der junge Boxer im Spital um sein Leben.
20 Minuten,Gerardo Seoane : Nach Nagelsmann-Beben – YB-Trainer jetzt bei drei Clubs auf dem Zettel,Verrückt: Die sieben bestplatzierten Clubs der Bundesliga haben in der nächsten Saison alle einen neuen Trainer. YB-Coach Seoane soll bei drei offenen Stellen ein Kandidat sein.
Focus,"Niederlande öffnen trotz Mega-Inzidenz - Mediziner warnen vor ""Code Schwarz"" - FOCUS Online","Die Niederlande sperren wieder auf: Ab Mittwoch dürfen die Außenbereiche in der Gastronomie und Geschäfte wieder geöffnet werden. Und das trotz einer schwindelerregend hohen 7-Tages-Inzidenz. Die Regierung vertraut auf Impfungen, doch Mediziner warnten bereit…"
heise online,"Solar Orbiter: ""Lagerfeuer"" könnten rätselhafte Sonnentemperaturen erklären - heise online","Direkt über der Sonne ist es 300-mal heißer als auf deren Oberfläche. Vom Solar Orbiter entdeckte ""Lagerfeuer"" könnten das erklären."
Www.nzz.ch,Corona-Debatte: Forscher sollten Politik nicht unterschätzen - Neue Zürcher Zeitung,"Nach den jüngsten Bundesratsentscheiden wird einmal mehr die «wissenschaftliche Ignoranz» der Politik lamentiert. Das entlarvt nicht nur die politische Naivität einzelner Experten, sondern ist auch gefährlich für die Wissenschaften."
DIE WELT,Corona: Thüringen wieder Corona-Hotspot in Deutschland - WELT,"Das Robert-Koch-Institut registriert 22.231 neue Corona-Infektionen und die Sieben-Tage-Inzidenz fällt auf 160,6. Thüringen weist wieder die höchste Inzidenz auf. Ein Überblick in Zahlen und Grafiken."
WEB.DE News,"""Ingenuity"": Mars-Hubschrauber liefert erste Farbaufnahmen - WEB.DE News","Der Mars-Hubschrauber ""Ingenuity"" hat schon drei Flüge hinter sich. Bei seinem zweiten Erkundungsflug über den Mars wurden erste farbige Aufnahmen produziert."
t-online.de,Corona/Köln: Inzidenz weiterhin hoch – Impfaktion in Brennpunkten angekündigt - t-online - Köln,"Der Inzidenzwert in Köln ist erneut gesunken, bleibt aber auf einem hohen Niveau. In besonders von Corona betroffenen Stadtteilen sollen zusätzliche Impfungen zum Einsatz kommen."
t-online.de,Corona-News Hamburg: Inzidenzwert fällt unter 100 – über 200 Neuinfektionen - t-online - Hamburg,Zum Mittwoch liegt die Corona-Inzidenz in Hamburg unter 100. Es wurden allerdings auch sieben Todesfälle gemeldet.
Www.fr.de,„Galaktischer Halo“ - Karte der äußeren Milchstraße führt zum Speicher der dunklen Materie - fr.de,Forschende aus den USA veröffentlichen eine neue Karte der äußeren Milchstraße. Basis sind Daten der Weltraumorganisationen Nasa und Esa.
heise online,Synapsen: Wie das Gehirn im Alter fit bleibt - heise online,Wie bleiben unsere neuronalen Verbindungen im Alter aktiv? Göttinger Forscher untersuchen diese Frage mit einem mathematischen Modell.
Focus,Wegen schmelzender Gletscher: Der Klimawandel verschiebt die Erdachse - FOCUS Online,Mehrere Faktoren lassen die Erdachse kippen. Die schmelzenden Gletscher der Nordhalbkugel geben dem Planeten nur einen zusätzlichen Dreh.
Bild,Corona-Inzidenz in Bayern: Zahl der Regionen mit unter 100 steigt - BILD,München/Nürnberg – In elf Landkreisen und kreisfreien Städten haben sich in den vergangenen sieben Tagen weniger als 100 pro 100 000 Menschen infiziert.
t-online.de,"Long-Covid-Patientin im Video: ""Es ist ein unheimliches Gefühl"" - t-online",Langzeitfolgen durch eine Covid-19-Erkrankung rücken in den Fokus der Wissenschaft. Essener Neurologen sprechen von Beschwerden im Bereich des Nervensystems.
Focus,Erste Hitzewelle mit bis zu 35 Grad! Wüstenwind Schirokko fegt durch Europa - FOCUS Online,In Deutschland ist und bleibt es im Schnitt zu kalt. Im Lauf dieser Woche kommt im Gegensatz dazu eine Hitzewelle auf Südosteuropa zu. Es werden etwa 15 Grad mehr als gewöhnlich erwartet.
heise online,Steigende Temperaturen: Dieser Kaffee ist gegen den Klimawandel resistent - heise online,"Die erst vor wenigen Jahren in Westafrika wiederentdeckte Kaffeeart ""Coffea stenophylla"" könnte höheren Temperaturen bei fortschreitender Erderwärmung trotzen."
futurezone.at,"Elon Musk: Mars ist für Entdecker, die ""wahrscheinlich sterben"" werden - futurezone.at",Der SpaceX-Gründer macht sich über den möglichen Ausgang einer Reise zum Roten Planeten keine Illusionen.
Ruhr24.de,Supermond heute noch mal sehen: Pinker Mond ist Spektakel am Himmel - ruhr24.de,"Gerade erst ist der Sternschnuppenschauer der „Lyriden“ vorbei, steht das nächste Spektakel an. Heute Nacht leuchtet der Supermond am Nachthimmel in Deutschland und NRW."
Www.nau.ch,SpaceX: Astronauten erlebten auf Weg zur ISS Beinahecrash - Nau.ch,"SpaceX schickte vier Astronauten Richtung ISS, gestern kamen sie sicher an. Der Weg dorthin war aber alles andere als einfach."
Www.nzz.ch,Coronavirus: Negativtests als Eintrittsbillett für Restaurants - Neue Zürcher Zeitung,Ein Experiment im deutschen Tübingen ermöglichte ab Mitte März während sechs Wochen für Personen mit Covid-19-Negativtest den Zugang zu diversen Aktivitäten. Eine neue Studie über die Wirkungen des Projekts lässt aufhorchen.
Aargauerzeitung.ch,Corona - Verbreiteter Irrtum: Wie man sich auch auf einer Restaurant-Terrasse mit Corona anstecken kann | Aargauer Zeitung - Aargauer Zeitung,"Immer weniger Gäste halten sich in Cafés oder auf Restaurant-Terrassen an die Maskenpflicht zwischen der Konsumation. Eine Virenübertragung durch Aerosole ist im Freien beinahe ausgeschlossen. Allerdings ist es ein verbreiterter Irrtum zu glauben, dass kein I…"
fr.de,„Galaktischer Halo“ - Karte der äußeren Milchstraße führt zum Speicher der dunklen Materie,Forschende aus den USA veröffentlichen eine neue Karte des galaktischen Halos. Basissind Daten der Weltraumorganisationen Nasa und Esa
ruhr24.de,Supermond noch einmal sehen: Pinker Mond ist Spektakel am Himmel,Heute Nacht leuchtet der Supermond am Himmel in Deutschland und NRW – vor allem am frühen Morgen.
scinexx | Das Wissensmagazin,Neuer Stamm von Mikroben entdeckt,Klimafreundliche Mikroben: Forscher haben in heißen Quellen einen zuvor unbekannten Stamm von Archaeen mit ungewöhnlichem Stoffwechsel entdeckt. Die
Schweizer Radio und Fernsehen (SRF),Asteroiden und Meteoriten - Asteroiden: Wie viele die Erde treffen und welche gefährlich sind,"Dass Meteoriten und kleine Bruchstücke die Erde treffen, passiert gar nicht so selten. Nur wenige davon sind verheerend."
Schweizer Radio und Fernsehen (SRF),Planetare Verteidigungsübung - Asteroideneinschlag auf der Erde? Experten proben den Ernstfall,"Ein Asteroideneinschlag könnte verheerende Folgen haben. Fachleute üben, wie eine Katastrophe verhindert werden kann."
20 Minuten,Rekord-Eruption - Extremer Strahlen-Ausbruch auf Proxima Centauri,Astronomen haben bei unserem Nachbarstern Proxima Centauri einen der stärksten je beobachteten Strahlenausbrüche eingefangen. Für die beiden Planeten nebendran sind solche Ausbrüche keine gute Nachrichten.
scinexx | Das Wissensmagazin,Riesenstern im Todeskampf,Stellarer Kampf ums Überleben: Im Zentrum dieses leuchtenden Gebildes aus glühendem Gas und Staub liegt einer der hellsten und schwersten Sterne unserer
Faz.net,Was ein Breitband-Impfstoff bringen könnte - FAZ - Frankfurter Allgemeine Zeitung,Indien als Menetekel: Die Erfahrung mit Virusvarianten führt Wissenschaftler zu immunologischen Vergleichen mit Influenza und Masern. Gibt es bald eine Breitband-Impfung?
Heilpraxisnet.de,Hörverlust bekämpfen mit der Hilfe von Licht - Heilpraxisnet.de,"Durchbruch bei der Bekämpfung von Hörverlust? Mit der Hilfe von Lichtimplantaten könnte Menschen, die unter Taubheit oder einem hochgradigem Hörverlust leiden, das Hören ermöglicht werden. Durch neue Forschung konnten wichtige Parameter für das Design und die…"
Praxisvita.de,Coronavirus-Symptome: Der Unterschied zur Grippe und Erkältung - Praxisvita,"Welche Unterschiede gibt es zwischen Corona, einer Erkältung und der Grippe? Eine Tabelle mit allen Symtpomen!"
Ruhr24.de,Vitamin-B12-Mangel: So erkennen Sie die Symptome - Fuldaer Zeitung,"Vitamin-B-12-Mangel – viele haben ihn und wissen nichts davon. In welchen Lebensmitteln Vitamin B12 enthalten ist, wie sich ein Mangel äußert und auf welche Symptome Sie achten sollten."
t-online.de,Kaffee: Diese sieben Fehler sollten Sie vermeiden - t-online.de,"Beim Kaffeekochen schleichen sich häufig Gewohnheiten ein, die das Geschmackserlebnis beeinträchtigen. Wir erklären, wie Sie den besten Kaffee bekommen."
Heidelberg24.de,Corona-Impfung: Alkohol-Verbot für 2 Monate? Expertin warnt vor zu frühem Trinken - heidelberg24.de,"Für Menschen, die eine Corona-Impfung erhalten haben, sollte Alkohol tabu sein. Eine Expertin rät zu einer drastischen Zeitspanne und warnt vor Konsequenzen:"
Doccheck.com,BAALC schaltet Leukämiezellen aus - DocCheck News,Wie entsteht Leukämie? Eine molekulare Ursache konnte nun in zwei Studien identifiziert werden.
Www.hna.de,Corona-Studie: Darum ist Sars-Cov-2 gefährlicher als gewöhnliche Coronaviren - Frankfurter Neue Presse,"Ein Forscherteam hat wahrscheinlich den Grund gefunden, warum das Sars-Cov-2-Virus im Vergleich zu anderen Coronaviren so gefährlich für den Menschen sein kann."
N-tv.de,Stärke des Effekts entscheidend:Warmes Wetter schlecht fürs Virus? - n-tv NACHRICHTEN,"Eigentlich gilt sonniges, warmes Wetter als Gift für Coronaviren, und im vergangenen Jahr sanken mit den steigenden Temperaturen die Fallzahlen. Kann man mit diesem Effekt auch in diesem Frühjahr rechnen? Und wenn ja, fällt er stark genug aus, um Sars-CoV-2 z…"
Www.nzz.ch,Coronavirus: Was bringt der Antikörpertest? - Neue Zürcher Zeitung,"Bluttests geben Aufschluss über eine zurückliegende Infektion mit Sars-Cov-2. Doch ob und wie lange der Immunschutz bestehen bleibt, ist immer noch schwer abzuleiten. Als Grundlage für ein Zertifikat, das Zugang zu Grossanlässen gewährt, reichen die Tests jed…"
t-online.de,Ernährung gegen Schlaganfall: Negative Effekte lassen sich ausgleichen - t-online,"Eine Studie zeigt, welche Lebensmittel das Schlaganfallrisiko erhöhen und welche es reduzieren."
Aerztezeitung.de,Gezuckerte Getränke kurbeln Fettproduktion in der Leber an - Ärzte Zeitung,"Der Konsum von Limonaden mit zugesetztem Zucker verdoppelt die Fettproduktion nachhaltig, so eine aktuelle Studie."
Www.fr.de,Vitamin-D-Mangel: Künstliche Zufuhr kann Ihrer Gesundheit massiv schaden - Frankfurter Rundschau,"Für den Körper ist Vitamin D enorm wichtig. Es gibt Wege, einem Mangel vorzubeugen. Doch Achtung – eine Überversorgung kann schädlich für die Gesundheit sein."
Healthnewsnet.de,Durch Grünfärbung ertappt: Wie sich das Coronavirus mit körpereigenen Molekülen vor der Immunabwehr schützt - Healthnews,"Um ein Virus zu bekämpfen, formt der Körper eine Immunantwort. Teil dieser Reaktion ist das Bilden von Antikörpern, die die Viren neutralisieren. Doch britis"
Freundin.de,Studie: Diese Abstandsregel schützt nicht vor einer Corona-Infektion | freundin.de - freundin,"Die Abstandsregel zählt zu den Nummer-eins-Methoden, um sich vor einer Ansteckung mit Covid-19 zu schützen. Doch hilft diese Regel überhaupt in Innenräumen?"
scinexx | Das Wissensmagazin,"Erstes Land schon vor 3,7 Milliarden Jahren? - Kontinentale Kruste könnte 500 Millionen Jahre früher entstanden sein als gedacht - scinexx.de - scinexx | Das Wissensmagazin","Uralte Landkruste: Unser Planet könnte schon vor 3,7 Milliarden Jahren Vorformen der Kontinente besessen haben – 500 Millionen Jahre früher als gedacht."
Wetter.travel,"Die globalen Masern -, Mumps-und Röteln-Virus-Impfstoff-Markt Branche, Trends Und Prognose, Analyse - wetter.travel - Wetterinformationen auf wetter.travel","Die Globalen Masern -, Mumps-und Röteln-Virus-Impfstoff-Bericht Monitore-Industrie-Wachstum. Die Studie prognostiziert die Aussichten für die kommenden Masern -, Mumps-und Röteln-Virus-Impfstoff Chancen für die prognostizierten Zeitraum 2021 bis…"
Pressetext.com,Pilze reduzieren Krebsrisiko signifikant - Pressetext.com,Tägliches Essen senkt Wahrscheinlichkeit einer ernsten Erkranklung um bis zu 45 Prozent
Pressetext.com,Rotes und verarbeitetes Fleisch schadet Herz - Pressetext.com,Beobachtungsstudie mit rund 20.000 Teilnehmern aus Großbritannien setzt auf neue Ansätze
Heilpraxisnet.de,Coronavirus-Infektion: Immunantwort auf SARS-CoV-2 im Darm untersucht,"Bereits mehrere Studien haben gezeigt, dass das Coronavirus SARS-CoV-2 auch den Darm infizieren kann. Ein europäisches Forschungsteam untersuchte nun, wie die Zellen im Darm auf eine SARS-CoV-2-Infektion reagieren. Dabei zeigte sich, dass der Darm vielleicht eine größere Rolle im Infektionsgeschehen spielt, als bislang gedacht."
tz.de,WhatsApp-Virus: Schadsoftware klaut die Daten seiner Opfer,"Auf WhatsApp wurde eine schadhafte Software entdeckt, die sich über den Messengerdienst verbreitet"
Frankfurter Neue Presse,Corona-Studie: Darum ist Sars-Cov-2 gefährlicher als gewöhnliche Coronaviren,"Ein Forscherteam hat wahrscheinlich den Grund gefunden, warum das Sars-Cov-2 Virus im Vergleich zu anderen Coronaviren so gefährlich für den Menschen sein kann."
Heilpraxisnet.de,Leukämie: Neue Ursache der Blutkrebs-Entstehung identifiziert,"Forschende aus Deutschland haben eine neue Ursache der Entstehung von Leukämie (Blutkrebs) entdeckt. Sie haben damit ein neuartiges experimentelles Modell etabliert, das es Patientinnen und Patienten mit Leukämie in Zukunft ermöglicht, spezifischer behandelt zu werden."
Heilpraxisnet.de,Coronavirus-Epidemie bereits vor mehr als 20.000 Jahren in Ostasien?,"Es scheint bereits vor mehr als 20.000 Jahren eine Coronavirus-Epidemie gegeben zu haben, welche auf Ostasien beschränkt war und das Ergbut der dortigen Bevölkerung signifikant verändert hat. Diese Erkenntnis basiert auf einer aktuellen evolutionären Analyse menschlicher Genomdatensätze, bei der deutliche Genveränderungen von Menschen in Ostasien festgestellt wurden."
scinexx | Das Wissensmagazin,Corona: Antikörper verrät Risiko für schweren Verlauf,"Ein Bluttest kann verraten, ob bei einem Covid-19- Patienten ein schwerer Verlauf droht. Denn wenn im Blut Antikörper gegen das Erkältungs-Coronavirus"
Heilpraxisnet.de,COVID-19: Erhöhtes Sterberisiko noch nach Monaten - auch bei leichtem Krankheitsverlauf,"Eine neue Studie aus den USA zeigt, dass selbst leichte Fälle von COVID-19 das Sterberisiko in den sechs Monaten nach der Diagnose erhöhen und dass dieses Risiko mit der Schwere der Erkrankung zunimmt."
